{
    "blue_x": [
        2.9789888858795166,
        6.301727771759033,
        11.954583168029785,
        14.388778686523438,
        14.43207836151123,
        20.547985076904297,
        17.08506965637207,
        19.083120346069336,
        17.033231735229492,
        19.482038497924805,
        12.949357032775879,
        7.753811359405518,
        8.42129898071289,
        12.368738174438477,
        9.677474975585938,
        9.724052429199219,
        9.130826950073242,
        -9.805685043334961,
        -15.30160903930664,
        -10.950296401977539,
        8.079025268554688,
        -4.066494464874268,
        -7.596978664398193,
        -11.194467544555664,
        -0.41262125968933105,
        4.024304389953613,
        -14.526266098022461,
        -11.043214797973633,
        -6.415786266326904,
        -7.236032009124756,
        -7.185673713684082,
        -4.799967288970947,
        -4.6171722412109375,
        -0.8153228759765625,
        -4.121123313903809
    ],
    "blue_y": [
        3.0292017459869385,
        3.0608909130096436,
        1.2202777862548828,
        0.3117688298225403,
        -14.26939868927002,
        -6.9615325927734375,
        -13.113438606262207,
        -10.834358215332031,
        -0.7883844375610352,
        -3.240215539932251,
        -17.221803665161133,
        -28.140621185302734,
        -25.572996139526367,
        -20.594289779663086,
        -22.725221633911133,
        -34.62890625,
        -30.753005981445312,
        -24.68159294128418,
        -35.50139617919922,
        -32.89717102050781,
        -38.079925537109375,
        -39.12161636352539,
        -38.178749084472656,
        -28.736034393310547,
        -40.72638702392578,
        -40.228973388671875,
        -31.943103790283203,
        -36.85934829711914,
        -8.467552185058594,
        -20.95469093322754,
        -5.979301452636719,
        -17.06663703918457,
        -12.371435165405273,
        2.101729393005371,
        -1.8080461025238037
    ],
    "yellow_x": [
        6.966919898986816,
        10.122718811035156,
        4.198394775390625,
        13.373937606811523,
        16.416242599487305,
        14.867101669311523,
        11.666959762573242,
        6.544313907623291,
        4.9539031982421875,
        8.436897277832031,
        8.394491195678711,
        7.752596378326416,
        9.6076021194458,
        -0.7792569994926453,
        -3.6598212718963623,
        -0.588481068611145,
        4.059143543243408,
        2.4739327430725098,
        6.1017231941223145,
        -1.2460922002792358,
        -6.7614336013793945,
        -7.540307998657227,
        -7.793559551239014,
        -5.000576972961426,
        -7.226868629455566,
        -16.741716384887695,
        4.5032148361206055,
        1.1466087102890015,
        -2.0074896812438965,
        -1.2816953659057617,
        -0.5594806671142578
    ],
    "yellow_y": [
        -1.2131422758102417,
        -2.019651412963867,
        -1.066957712173462,
        -3.023728132247925,
        -6.579557418823242,
        -9.902725219726562,
        -11.505732536315918,
        -22.305082321166992,
        -24.482072830200195,
        -17.97645378112793,
        -15.284481048583984,
        -20.107358932495117,
        -13.609088897705078,
        -18.97114372253418,
        -22.494617462158203,
        -14.428828239440918,
        -28.16693115234375,
        -36.11732864379883,
        -32.173919677734375,
        -35.83001708984375,
        -24.600961685180664,
        -27.68512725830078,
        -30.593212127685547,
        -35.40177917480469,
        -34.64336395263672,
        -34.71929931640625,
        -30.06597900390625,
        -1.5352210998535156,
        -6.978381633758545,
        -10.937082290649414,
        -4.234849452972412
    ],
    "orange_x": [],
    "orange_y": [],
    "big_orange_x": [],
    "big_orange_y": []
}
