{
    "X": [
        9.4607515335083,
        11.03865098953247,
        12.664260387420654,
        13.88135814666748,
        15.203584671020508,
        16.7247371673584,
        17.949140548706055,
        18.4821138381958,
        17.74968147277832,
        16.97511100769043,
        15.976085662841797,
        14.649590015411377,
        13.049519062042236,
        12.019840240478516,
        11.27847957611084,
        10.671924114227295,
        10.693127155303955,
        10.402817726135254,
        10.060667276382446,
        8.715035676956177,
        8.110894441604614,
        7.482806444168091,
        6.687601089477539,
        6.3538572788238525,
        5.906477451324463,
        6.1285130977630615,
        6.927767276763916,
        7.616275072097778,
        7.912887811660767,
        7.090374231338501,
        5.276479005813599,
        3.2491185665130615,
        1.0306557416915894,
        -0.8293567299842834,
        -2.6562933325767517,
        -4.533535718917847,
        -6.29877781867981,
        -7.41192364692688,
        -9.1350417137146,
        -10.996755599975586,
        -13.12595272064209,
        -12.73828125,
        -11.072381973266602,
        -9.494013547897339,
        -9.367387771606445,
        -8.672996520996094,
        -8.283559322357178,
        -6.998732805252075,
        -5.447926640510559,
        -4.229894280433655,
        -2.7896121442317963,
        -2.694224178791046,
        -2.6028266549110413,
        -2.9494338035583496,
        -3.848740816116333,
        -4.2116379737854,
        -4.596581697463989,
        -3.0643064975738525,
        -2.340301990509033,
        -1.4872573018074036,
        0.16564291715621948,
        2.062798798084259,
        3.588691830635071,
        5.250061273574829,
        6.634323835372925
    ],
    "Y": [
        0.0035677552223205566,
        -0.3996868133544922,
        -0.901725172996521,
        -1.3559796512126923,
        -1.90605628490448,
        -3.6839709281921387,
        -4.909886479377747,
        -6.77054500579834,
        -8.706957817077637,
        -10.368541717529297,
        -11.508081912994385,
        -12.086061954498291,
        -12.887565612792969,
        -13.939243793487549,
        -15.415446281433105,
        -16.25314235687256,
        -17.59912872314453,
        -19.285371780395508,
        -20.3508243560791,
        -21.416290283203125,
        -22.515151977539062,
        -23.93903923034668,
        -25.02753448486328,
        -26.311347007751465,
        -28.153776168823242,
        -29.103300094604492,
        -30.157270431518555,
        -31.463462829589844,
        -33.40141296386719,
        -35.126922607421875,
        -37.0986270904541,
        -38.17315101623535,
        -38.421857833862305,
        -38.278202056884766,
        -37.47581672668457,
        -37.26169776916504,
        -36.79026412963867,
        -36.41105651855469,
        -35.75135612487793,
        -34.87825965881348,
        -34.199283599853516,
        -32.42013740539551,
        -30.81660270690918,
        -29.664623260498047,
        -28.210580825805664,
        -26.18336009979248,
        -24.641277313232422,
        -22.7778263092041,
        -21.72465419769287,
        -19.780627250671387,
        -18.018890380859375,
        -15.747732639312744,
        -13.400131702423096,
        -11.654258728027344,
        -9.702317237854004,
        -7.722966909408569,
        -6.478841543197632,
        -4.393213868141174,
        -3.021447777748108,
        -1.6716336011886597,
        0.28325414657592773,
        0.7469903230667114,
        0.9811220169067383,
        0.9969666004180908,
        0.9238743185997009
    ]
}
