{
    "X": [
        9.602086067199707,
        11.061742782592773,
        12.713429927825928,
        13.889092445373535,
        15.370481491088867,
        16.937969207763672,
        18.169397354125977,
        18.313536643981934,
        18.07571315765381,
        17.48838996887207,
        16.535971641540527,
        15.5294189453125,
        14.060908317565918,
        12.49118709564209,
        11.253703117370605,
        10.15751314163208,
        9.615567445755005,
        9.356695890426636,
        9.241639375686646,
        9.026679277420044,
        7.7498838901519775,
        6.92743444442749,
        6.519776821136475,
        5.8437371253967285,
        5.406457185745239,
        5.020849585533142,
        5.265580773353577,
        5.93915867805481,
        6.632837772369385,
        6.750977039337158,
        6.364724397659302,
        5.577966928482056,
        4.832658648490906,
        2.7375423908233643,
        1.8488529324531555,
        -0.356983482837677,
        -2.063279867172241,
        -3.811962127685547,
        -5.6846654415130615,
        -7.461872816085815,
        -8.512876033782959,
        -10.232393264770508,
        -12.091240406036377,
        -14.007622718811035,
        -10.369384765625,
        -10.415725231170654,
        -10.277002811431885,
        -9.387397289276123,
        -9.157170057296753,
        -8.07210898399353,
        -6.66535210609436,
        -5.208695650100708,
        -3.3329277634620667,
        -2.9488162100315094,
        -2.9968844950199127,
        -3.4736633896827698,
        -4.241521179676056,
        -4.542621493339539,
        -4.699180483818054,
        -3.1586564779281616,
        -2.3889920115470886,
        -1.4548420906066895,
        -0.31875503063201904,
        0.6809591129422188,
        1.9787201881408691,
        3.5518105030059814,
        5.343726873397827,
        6.635218620300293,
        7.948697566986084
    ],
    "Y": [
        0.639857292175293,
        -0.006476104259490967,
        -0.7202898859977722,
        -1.087930142879486,
        -1.5645529329776764,
        -3.0352722704410553,
        -4.3394997119903564,
        -6.593225955963135,
        -7.63470196723938,
        -9.431075096130371,
        -10.64959192276001,
        -11.741238594055176,
        -12.259480953216553,
        -13.075311660766602,
        -14.105026721954346,
        -15.138268947601318,
        -15.967409610748291,
        -17.21228790283203,
        -19.276042938232422,
        -20.376620292663574,
        -21.485344886779785,
        -22.503056526184082,
        -23.956653594970703,
        -25.019468307495117,
        -26.295464515686035,
        -27.933080673217773,
        -29.00226402282715,
        -30.248215675354004,
        -31.512307167053223,
        -33.51772499084473,
        -35.312049865722656,
        -37.07386779785156,
        -39.21468544006348,
        -40.35447883605957,
        -38.10715675354004,
        -38.32881164550781,
        -38.11327934265137,
        -37.33176612854004,
        -37.18765640258789,
        -36.79957962036133,
        -36.28099060058594,
        -35.5578670501709,
        -34.601449966430664,
        -31.962700843811035,
        -31.255414962768555,
        -29.221762657165527,
        -27.83478355407715,
        -25.765522003173828,
        -23.93599510192871,
        -22.107757568359375,
        -21.3620023727417,
        -19.532873153686523,
        -18.006908416748047,
        -15.745412349700928,
        -13.300371170043945,
        -11.4513521194458,
        -9.701096534729004,
        -7.705296039581299,
        -6.300266265869141,
        -4.239635646343231,
        -2.8581787943840027,
        -1.5586400628089905,
        0.12345153093338013,
        0.4686241149902344,
        0.8246177434921265,
        0.9707922339439392,
        0.9391044974327087,
        1.1797539591789246,
        0.882696807384491
    ]
}
{
    "X": [
        9.602086067199707,
        11.061742782592773,
        12.713429927825928,
        13.889092445373535,
        15.370481491088867,
        16.937969207763672,
        18.169397354125977,
        18.313536643981934,
        18.07571315765381,
        17.48838996887207,
        16.535971641540527,
        15.5294189453125,
        14.060908317565918,
        12.49118709564209,
        11.253703117370605,
        10.15751314163208,
        9.615567445755005,
        9.356695890426636,
        9.241639375686646,
        9.026679277420044,
        7.7498838901519775,
        6.92743444442749,
        6.519776821136475,
        5.8437371253967285,
        5.406457185745239,
        5.020849585533142,
        5.265580773353577,
        5.93915867805481,
        6.632837772369385,
        6.750977039337158,
        6.364724397659302,
        5.577966928482056,
        4.832658648490906,
        2.7375423908233643,
        1.8488529324531555,
        -0.356983482837677,
        -2.063279867172241,
        -3.811962127685547,
        -5.6846654415130615,
        -7.461872816085815,
        -8.512876033782959,
        -10.232393264770508,
        -12.091240406036377,
        -14.007622718811035,
        -10.369384765625,
        -10.415725231170654,
        -10.277002811431885,
        -9.387397289276123,
        -9.157170057296753,
        -8.07210898399353,
        -6.66535210609436,
        -5.208695650100708,
        -3.3329277634620667,
        -2.9488162100315094,
        -2.9968844950199127,
        -3.4736633896827698,
        -4.241521179676056,
        -4.542621493339539,
        -4.699180483818054,
        -3.1586564779281616,
        -2.3889920115470886,
        -1.4548420906066895,
        -0.31875503063201904,
        0.6809591129422188,
        1.9787201881408691,
        3.5518105030059814,
        5.343726873397827,
        6.635218620300293,
        7.948697566986084
    ],