{
    "X": [
        9.49700927734375,
        10.810503005981445,
        12.007777214050293,
        13.758264064788818,
        15.120733261108398,
        16.474623680114746,
        17.59208869934082,
        17.92985725402832,
        17.3331241607666,
        16.497905731201172,
        15.481616973876953,
        14.121796131134033,
        12.340950012207031,
        11.254526138305664,
        10.380943298339844,
        9.880672931671143,
        9.656410694122314,
        9.07920503616333,
        8.73369026184082,
        7.568393707275391,
        6.784873962402344,
        6.359943151473999,
        5.770673990249634,
        4.921011209487915,
        4.44108784198761,
        5.439389705657959,
        6.424727916717529,
        6.566869020462036,
        6.152894973754883,
        5.377826929092407,
        4.543214559555054,
        2.4837929010391235,
        1.7678448557853699,
        -0.4178280234336853,
        -2.362541079521179,
        -4.1941077709198,
        -6.050846338272095,
        -7.877037763595581,
        -9.010052680969238,
        -10.675265789031982,
        -12.46546459197998,
        -14.292462825775146,
        -14.37315559387207,
        -13.58793306350708,
        -10.61001205444336,
        -9.82478952407837,
        -9.383220672607422,
        -8.25930643081665,
        -6.775526285171509,
        -5.289668083190918,
        -3.691259741783142,
        -3.558797299861908,
        -3.4372071623802185,
        -3.8772189617156982,
        -4.68926477432251,
        -4.870155215263367,
        -5.118942379951477,
        -3.5566710233688354,
        -2.85586816072464,
        -1.8101877868175507,
        -0.621420830488205,
        0.36129964515566826,
        1.6804113686084747,
        3.253010630607605,
        5.089177966117859,
        6.4490110874176025,
        7.86758828163147
    ],
    "Y": [
        0.6266970634460449,
        -0.14983373880386353,
        -0.5059932470321655,
        -1.5004574060440063,
        -2.159109979867935,
        -3.546529918909073,
        -4.992172002792358,
        -6.933452844619751,
        -8.754733800888062,
        -10.712659358978271,
        -11.78593111038208,
        -12.31981611251831,
        -12.946467399597168,
        -14.126076221466064,
        -15.349355220794678,
        -16.265308380126953,
        -17.45617389678955,
        -19.42577838897705,
        -20.48744773864746,
        -21.51473331451416,
        -22.508885383605957,
        -23.939663887023926,
        -25.07881736755371,
        -26.36872673034668,
        -28.476923942565918,
        -30.291051864624023,
        -31.626229286193848,
        -33.4924430847168,
        -35.257551193237305,
        -36.92399787902832,
        -39.11149215698242,
        -40.3404426574707,
        -38.20339775085449,
        -38.453983306884766,
        -38.141204833984375,
        -37.412147521972656,
        -37.285316467285156,
        -36.6627254486084,
        -36.12783241271973,
        -35.4796257019043,
        -34.59826469421387,
        -33.80495071411133,
        -31.699049949645996,
        -29.747419357299805,
        -27.700342178344727,
        -25.748711585998535,
        -24.298571586608887,
        -22.37841510772705,
        -21.29470443725586,
        -19.402008056640625,
        -17.767967224121094,
        -15.494743824005127,
        -13.146088123321533,
        -11.380344867706299,
        -9.596052169799805,
        -7.702080488204956,
        -6.269900798797607,
        -4.252603769302368,
        -2.8714284896850586,
        -1.555059552192688,
        0.1497105360031128,
        0.5586609840393066,
        0.7916997671127319,
        0.9266565442085266,
        1.4317134022712708,
        1.4479935765266418,
        0.7948084473609924
    ]
}
